_timestamp,_step,_runtime,test_acc,test_loss,train_loss,step,elapsed_s,train_acc
1779550712.9627504,0,1.194995066,0.009061416611075401,4.737049579620361,4.732497692108154,0,0.4,0.007571801543235779
1779550713.4733841,200,1.695709731,0.009397024288773537,14.563779830932617,0.6476343870162964,200,0.9,0.8968668580055237
1779550713.9743292,400,2.195187198,0.013424321077764034,16.70823097229004,0.12950028479099274,400,1.4,0.999738872051239
1779550714.4738317,600,2.7046236500000003,0.013983667828142643,16.3735294342041,0.08923552930355072,600,1.9,1.0
1779550714.9832292,800,3.208899368,0.014095536433160305,15.523955345153809,0.08306390047073364,800,2.5,1.0
1779550715.4874513,1000,3.710637802,0.014878622256219387,14.181533813476562,0.10198743641376495,1000,3.0,1.0
1779550715.9892366,1200,4.213231325,0.014878622256219387,15.37320327758789,0.3624647557735443,1200,3.5,0.9190600514411926
1779550716.4919257,1400,4.715292766,0.014431145042181015,18.573823928833008,0.01873129978775978,1400,4.0,1.0
1779550716.9938836,1600,5.223701602,0.014878622256219387,17.531034469604492,0.022710582241415977,1600,4.5,1.0
1779550717.502236,1800,5.754030506,0.01655666157603264,17.44904327392578,0.019564460963010788,1800,5.0,1.0
1779550718.0325663,2000,6.263172742,0.017563486471772194,15.89559268951416,0.02919437177479267,2000,5.5,1.0
1779550718.5417068,2200,6.769024688,0.017563486471772194,13.93082046508789,0.054190218448638916,2200,6.0,1.0
1779550719.0473657,2400,7.277874315,0.01991274207830429,14.131932258605957,0.04364427179098129,2400,6.5,1.0
1779550719.5564816,2600,7.777094695,0.021590782329440117,12.154802322387695,0.10258781909942627,2600,7.0,1.0
1779550720.0556335,2800,8.277142279,0.01980087347328663,14.539599418640137,0.5307607650756836,2800,7.5,0.8569190502166748
1779550720.5556638,3000,8.786387812,0.019465265795588493,16.297664642333984,0.01378975436091423,3000,8.0,1.0
1779550721.0649033,3200,9.297392237,0.020136481150984764,14.522109985351562,0.02634483389556408,3200,8.5,1.0
1779550721.5759594,3400,9.796805096,0.02114330604672432,14.20332145690918,0.027324603870511055,3400,9.0,1.0
1779550722.075415,3600,10.297356633,0.021478913724422455,13.178739547729492,0.03977590799331665,3600,9.5,1.0
1779550722.5759504,3800,10.797852304,0.024051908403635025,12.377870559692383,0.05189616605639458,3800,10.0,1.0
1779550723.0763905,4000,11.299355707,0.025282470509409904,11.690047264099121,0.07191092520952225,4000,10.5,1.0
1779550723.5779357,4200,11.800216387,0.024051908403635025,12.90142822265625,0.46640145778656006,4200,11.0,0.8827676177024841
1779550724.0787218,4400,12.301875363,0.027184249833226204,14.876043319702148,0.012680674903094769,4400,11.5,1.0
1779550724.5804195,4600,12.824679406,0.026736771687865257,13.84535026550293,0.018888451159000397,4600,12.1,1.0
1779550725.103275,4800,13.325994369,0.0295335054397583,13.14163875579834,0.023705242201685905,4800,12.6,1.0
1779550725.6045754,5000,13.826890901,0.03311332315206528,11.683494567871094,0.04725785180926323,5000,13.1,1.0
1779550726.1055093,5200,14.338479503,0.03210650011897087,15.890110969543457,0.005408432800322771,5200,13.6,1.0
1779550726.617111,5400,14.838991052,0.03288958594202995,13.56116008758545,0.016731077805161476,5400,14.1,1.0
1779550727.117645,5600,15.340489622,0.036916881799697876,12.60212230682373,0.02515794150531292,5600,14.6,1.0
1779550727.6190875,5800,15.863206037,0.0371406190097332,11.392192840576172,0.04575728997588158,5800,15.1,1.0
1779550728.1417618,6000,16.363869535,0.036357536911964417,15.25416374206543,0.00548150297254324,6000,15.6,1.0
1779550728.642512,6200,16.861824939999998,0.03781183809041977,12.765145301818848,0.019371652975678444,6200,16.1,1.0
1779550729.1404645,6400,17.380515648,0.040049225091934204,11.584005355834961,0.034950558096170425,6400,16.6,1.0
1779550729.6590898,6600,17.877629944,0.04407652094960213,11.402145385742188,0.036565352231264114,6600,17.1,1.0
1779550730.1562693,6800,18.374015679,0.032442107796669006,15.13211727142334,1.4201828241348267,6800,17.6,0.6966057419776917
1779550730.6526444,7000,18.87121037,0.04251034930348396,12.871296882629395,0.012767232023179531,7000,18.1,1.0
1779550731.1497474,7200,19.376417518,0.04687325283885002,10.621649742126465,0.05797818303108215,7200,18.6,1.0
1779550731.6549795,7400,19.876689318,0.045754559338092804,13.284762382507324,0.008800665847957134,7400,19.1,1.0
1779550732.1551692,7600,20.375075053,0.052242983132600784,11.995874404907227,0.015779344365000725,7600,19.6,1.0
1779550732.6536183,7800,20.872001856,0.054144758731126785,10.372800827026367,0.04514319449663162,7800,20.1,1.0
1779550733.150607,8000,21.37141227,0.054144758731126785,13.001994132995605,0.006731515284627676,8000,20.6,1.0
1779550733.6500401,8200,21.868254534,0.05761270970106125,11.791449546813965,0.011799064464867115,8200,21.1,1.0
1779550734.1468866,8400,22.364353274,0.058619532734155655,9.736625671386719,0.040464773774147034,8400,21.6,1.0
1779550734.6429834,8600,22.861927306,0.05817205831408501,12.624701499938965,0.0055029550567269325,8600,22.1,1.0
1779550735.1405828,8800,23.35909828,0.06633851677179337,9.91519832611084,0.025839753448963165,8800,22.6,1.0
1779550735.6377344,9000,23.857035624,0.06499608606100082,13.079666137695312,0.0027576761785894632,9000,23.1,1.0
1779550736.1356404,9200,24.364439837,0.0751761943101883,9.812957763671875,0.019529446959495544,9200,23.6,1.0
1779550736.6430855,9400,24.860221222,0.07182011753320694,9.627508163452148,0.10877461731433868,9400,24.1,0.9960835576057434
1779550737.138881,9600,25.360911031,0.08009845018386841,10.618510246276855,0.0082196444272995,9600,24.6,1.0
1779550737.6394699,9800,25.884295005,0.08636312931776047,9.275677680969238,0.016856640577316284,9800,25.1,1.0
1779550738.1629279,10000,26.387117753,0.08513256907463074,12.34085750579834,0.3716517984867096,10000,25.6,0.9135770201683044
1779550738.6657512,10200,26.888125505,0.09866875410079956,9.477383613586426,0.009226273745298386,10200,26.1,1.0
1779550739.1667645,10400,27.388358046,0.10739456862211227,8.854098320007324,0.03828294947743416,10400,26.6,1.0
1779550739.6669726,10600,27.898759196,0.1048215702176094,9.500771522521973,0.00604042736813426,10600,27.1,1.0
1779550740.1774142,10800,28.397783063,0.11679159104824066,8.756525993347168,0.04350314661860466,10800,27.6,1.0
1779550740.676423,11000,28.897941213,0.12238505482673645,8.657920837402344,0.006489403545856476,11000,28.1,1.0
1779550741.1765747,11200,29.418505535,0.13681620359420776,6.898015022277832,0.02431342378258705,11200,28.6,1.0
1779550741.6971447,11400,29.917472242,0.1389417201280594,8.910794258117676,0.002976639661937952,11400,29.2,1.0
1779550742.1961327,11600,30.417937777,0.15740016102790833,6.952813625335693,0.012771318666636944,11600,29.7,1.0
1779550742.6965628,11800,30.927859069,0.15795950591564178,8.925760269165039,0.001370544545352459,11800,30.2,1.0
1779550743.2064953,12000,31.440615919,0.1703770011663437,6.087634086608887,0.02495408058166504,12000,30.7,1.0
1779550743.7192588,12200,31.938678653,0.18156394362449646,7.14276123046875,0.004698346834629774,12200,31.2,1.0
1779550744.2173448,12400,32.447923932,0.18782861530780792,8.821533203125,0.0005049047758802772,12400,31.7,1.0
1779550744.7265825,12600,32.958498769,0.22496923804283142,5.429229259490967,0.012334264814853668,12600,32.2,1.0
1779550745.2371333,12800,33.455852032,0.23604430258274078,6.703616142272949,0.0013216219376772642,12800,32.7,1.0
1779550745.7344816,13000,33.954286984,0.24924488365650177,7.915957450866699,0.00014522385026793927,13000,33.2,1.0
1779550746.2328515,13200,34.462001345,0.2904128134250641,3.910691499710083,0.030854428187012672,13200,33.7,1.0
1779550746.7406516,13400,34.959328536,0.32453295588493347,4.447207927703857,0.0039435760118067265,13400,34.2,1.0
1779550747.2379863,13600,35.457089222,0.35585635900497437,5.063691139221191,0.00042100288555957377,13600,34.7,1.0
1779550747.735737,13800,35.967583825,0.388410359621048,5.477051258087158,4.674400042858906e-05,13800,35.2,1.0
1779550748.2462323,14000,36.469610951,0.4456874430179596,2.34287166595459,0.030749035999178886,14000,35.7,1.0
1779550748.7482398,14200,36.96736932,0.5548719167709351,2.087862968444824,0.0033417942468076944,14200,36.2,1.0
1779550749.2460299,14400,37.465547434,0.7043293714523315,1.5065629482269287,0.00033719316706992686,14400,36.7,1.0
1779550749.7441728,14600,37.972534192,0.8645262718200684,0.8036593794822693,3.4289627365069464e-05,14600,37.2,1.0
1779550750.2511744,14800,38.470448674,0.9094977378845215,0.42845210433006287,0.029211832210421562,14800,37.7,1.0
1779550750.7491026,15000,38.968292598,0.9747175574302673,0.22422188520431519,0.002569294534623623,15000,38.2,1.0
1779550751.2468438,15200,39.476986313,0.9902673959732056,0.2063845843076706,0.00021641883358824998,15200,38.7,1.0
1779550751.755482,15400,39.975195921,0.9917216897010803,0.21228010952472687,2.1862750145373866e-05,15400,39.2,1.0
1779550752.2537801,15600,40.473640513,0.992392897605896,0.21848119795322418,2.401703795840149e-06,15600,39.7,1.0
1779550752.752247,15800,40.983373196,0.9927285313606262,0.2284877449274063,3.314204661819531e-07,15800,40.2,1.0
1779550753.2618742,16000,41.486299586,0.9932878613471985,0.08268795162439346,0.021667391061782837,16000,40.7,1.0
1779550753.76477,16200,41.983973607,0.9939590692520142,0.07652005553245544,0.0024248394183814526,16200,41.2,1.0
1779550754.2626054,16400,42.482006211,0.9950777888298035,0.08292583376169205,0.0002478662645444274,16400,41.7,1.0
1779550754.7605236,16600,42.979313741,0.9951896667480469,0.09236865490674973,2.6323048587073572e-05,16600,42.2,1.0
1779550755.2578435,16800,43.477104066,0.9951896667480469,0.10400804877281189,2.9266270757943857e-06,16800,42.7,1.0
1779550755.7556977,17000,43.98764002,0.9951896667480469,0.1158008798956871,3.878814425206656e-07,17000,43.2,1.0
1779550756.2661726,17200,44.50035705,0.9536861181259155,0.21965596079826355,0.07867537438869476,17200,43.7,0.9738903045654297
1779550756.7788718,17400,45.001226305,0.9949659109115601,0.06481172889471054,0.020935887470841408,17400,44.2,1.0
1779550757.2797475,17600,45.502434262,0.9945184588432312,0.060512613505125046,0.00213407794944942,17600,44.7,1.0
1779550757.78104,17800,46.013674708,0.9944065809249878,0.07199770957231522,0.000216176820686087,17800,45.3,1.0
1779550758.2922537,18000,46.516702866,0.9944065809249878,0.08588653802871704,2.2840386009193026e-05,18000,45.8,1.0
1779550758.7953124,18200,47.01715284,0.9944065809249878,0.10166949033737183,2.528755658204318e-06,18200,46.3,1.0
1779550759.2957196,18400,47.528862107,0.994182825088501,0.12028693407773972,3.4648502378331614e-07,18400,46.8,1.0
1779550759.807435,18600,48.040592315,0.9946302771568298,0.06161689758300781,0.012518616393208504,18600,47.3,1.0
1779550760.3191817,18800,48.540960437,0.994182825088501,0.07028046995401382,0.0031645281706005335,18800,47.8,1.0
1779550760.8195624,19000,49.041076131,0.9948540329933167,0.08055555820465088,0.00032179689151234925,19000,48.3,1.0
1779550761.31974,19200,49.552357666,0.9950777888298035,0.09205061942338943,3.3600266760913655e-05,19200,48.8,1.0
1779550761.830953,19400,50.052728014,0.9950777888298035,0.10463306307792664,3.697435886351741e-06,19400,49.3,1.0
1779550762.3313863,19600,50.552937868,0.9950777888298035,0.11809150874614716,4.5567199435936345e-07,19600,49.8,1.0
1779550762.8315692,19800,51.063671971,0.9899317622184753,0.07376155257225037,0.006628924515098333,19800,50.3,1.0
1779550763.3423412,20000,51.567292217,0.9949659109115601,0.05004045367240906,0.009025908075273037,20000,50.8,1.0
1779550763.845926,20200,52.072880621,0.9949659109115601,0.05831752344965935,0.000951893103774637,20200,51.3,1.0
1779550764.3514311,20400,52.589418046,0.9950777888298035,0.07074929028749466,9.920867887558416e-05,20400,51.8,1.0
1779550764.867872,20600,53.093558155,0.9953015446662903,0.08385003358125687,1.0776439012261108e-05,20600,52.3,1.0
1779550765.372156,20800,53.598082415,0.9951896667480469,0.09750190377235413,1.2056314062647289e-06,20800,52.8,1.0
1779550765.876698,21000,54.123804182,0.9949659109115601,0.12220346927642822,2.0860068161709933e-07,21000,53.3,1.0
1779550766.4024053,21200,54.626105519,0.996196448802948,0.06620756536722183,0.041828837245702744,21200,53.9,1.0
1779550766.9046905,21400,55.126749676,0.9940709471702576,0.039061348885297775,0.004033549688756466,21400,54.4,1.0
1779550767.4053755,21600,55.637232306,0.9936234951019287,0.056142207235097885,0.00040764210280030966,21600,54.9,1.0
1779550767.915873,21800,56.13792932,0.9932878613471985,0.07310695201158524,4.350390372565016e-05,21800,55.4,1.0
1779550768.4165907,22000,56.640824439,0.9932878613471985,0.08808115124702454,4.880739197687944e-06,22000,55.9,1.0
1779550768.9194763,22200,57.141401706,0.9935116171836853,0.10021241009235382,5.795188258161943e-07,22200,56.4,1.0
1779550769.4200292,22400,57.654113428,0.9926166534423828,0.07491135597229004,0.02903030812740326,22400,56.9,1.0
1779550769.932748,22600,58.154612206,0.9927285313606262,0.07015261054039001,0.011336657218635082,22600,57.4,1.0
1779550770.4332724,22800,58.666878853,0.9926166534423828,0.08104031533002853,0.0011870476882904768,22800,57.9,1.0
1779550770.9452434,23000,59.174324393,0.9932878613471985,0.09646721184253693,0.00012699418584816158,23000,58.4,1.0
1779550771.452988,23200,59.674449509,0.9937353730201721,0.11388184130191803,1.4185361578711309e-05,23200,58.9,1.0
1779550771.9530797,23400,60.185899874,0.9935116171836853,0.13189631700515747,1.645490783630521e-06,23400,59.4,1.0
1779550772.4644873,23600,60.696303045,0.9935116171836853,0.1555645614862442,2.545413906318572e-07,23600,59.9,1.0
1779550772.974952,23800,61.195314264,0.9938471913337708,0.07942061871290207,0.03662792965769768,23800,60.4,1.0
1779550773.4739656,24000,61.69726377,0.992392897605896,0.06127339228987694,0.006514095235615969,24000,60.9,1.0
1779550773.9759135,24200,62.206771281,0.9935116171836853,0.07160817831754684,0.0006658718339167535,24200,61.4,1.0
1779550774.4854357,24400,62.716506114,0.9944065809249878,0.08599750697612762,7.059670315356925e-05,24400,62.0,1.0
1779550774.995143,24600,63.212959544,0.9947421550750732,0.10271614789962769,7.823763553460594e-06,24600,62.5,1.0
1779550775.4915838,24800,63.70957436,0.9947421550750732,0.11943501979112625,8.931664297051611e-07,24800,63.0,1.0
1779550775.9882286,25000,64.218741175,0.9939590692520142,0.16290360689163208,1.7056575529750262e-07,25000,63.5,1.0
1779550776.4973273,25200,64.715484167,0.9940709471702576,0.06687968969345093,0.019384775310754776,25200,64.0,1.0
1779550776.9941328,25400,65.211230426,0.9944065809249878,0.06545192748308182,0.0022447118535637856,25400,64.5,1.0
1779550777.4898777,25600,65.727134594,0.9949659109115601,0.07484359294176102,0.00023455897462554276,25600,65.0,1.0
1779550778.0057573,25800,66.222714165,0.9949659109115601,0.08725511282682419,2.5587956770323217e-05,25800,65.5,1.0
1779550778.5013146,26000,66.720722844,0.9949659109115601,0.10123611986637115,2.9205880309746135e-06,26000,66.0,1.0
1779550778.9993155,26200,67.228921924,0.9949659109115601,0.11608243733644485,3.834305744021549e-07,26200,66.5,1.0
1779550779.5074372,26400,67.735655487,0.9890368580818176,0.0649472028017044,0.01841573230922222,26400,67.0,0.9992166757583618
1779550780.0142312,26600,68.231451834,0.9948540329933167,0.049093857407569885,0.013047214597463608,26600,67.5,1.0
1779550780.5100749,26800,68.727350821,0.9945184588432312,0.05312836915254593,0.0013580333907157183,26800,68.0,1.0
1779550781.0059626,27000,69.233710614,0.9948540329933167,0.06451618671417236,0.00014397095947060734,27000,68.5,1.0
1779550781.5122824,27200,69.731397875,0.9949659109115601,0.07610819488763809,1.5933133909129538e-05,27200,69.0,1.0
1779550782.0099554,27400,70.22906001,0.9949659109115601,0.08813951909542084,1.8201328657596605e-06,27400,69.5,1.0
1779550782.5076342,27600,70.725240034,0.9948540329933167,0.10433626174926758,2.7321644324729277e-07,27600,70.0,1.0
1779550783.0038538,27800,71.233397813,0.9933997392654419,0.07299132645130157,0.030377885326743126,27800,70.5,1.0
1779550783.5119936,28000,71.735110097,0.9932878613471985,0.06528447568416595,0.005753789097070694,28000,71.0,1.0
1779550784.0137167,28200,72.232964367,0.9939590692520142,0.07865530252456665,0.0005898369709029794,28200,71.5,1.0
1779550784.511515,28400,72.740185128,0.9938471913337708,0.09777571260929108,6.273830513237044e-05,28400,72.0,1.0
1779550785.0187778,28600,73.246913696,0.9939590692520142,0.11927278339862823,6.9705815803899895e-06,28600,72.5,1.0
1779550785.5254793,28800,73.744716134,0.9940709471702576,0.13873429596424103,8.160074003171758e-07,28800,73.0,1.0
1779550786.0233274,29000,74.252382352,0.9937353730201721,0.18384809792041779,1.543806860127006e-07,29000,73.5,1.0
1779550786.53102,29200,74.759351169,0.9932878613471985,0.07605812698602676,0.024390075355768204,29200,74.0,1.0
1779550787.037976,29400,75.257230582,0.9922810196876526,0.07867967337369919,0.0026715353596955538,29400,74.5,1.0
1779550787.5358055,29600,75.756126289,0.9932878613471985,0.0947437584400177,0.0002782247611321509,29600,75.0,1.0
1779550788.0347128,29800,76.25604085,0.9940709471702576,0.11187495291233063,3.0198201784514822e-05,29800,75.5,1.0
1779550788.5346806,30000,76.756147032,0.9940709471702576,0.12993791699409485,3.4311301533307415e-06,30000,76.0,1.0
1779550789.0347857,30200,77.254814772,0.994182825088501,0.14734800159931183,4.31736737027677e-07,30200,76.5,1.0
1779550789.5334797,30400,77.764192488,0.9938471913337708,0.08158852159976959,0.036203671246767044,30400,77.0,1.0
1779550790.0428426,30600,78.261923362,0.9932878613471985,0.06632959842681885,0.0069483304396271706,30600,77.5,1.0
1779550790.540582,30800,78.759107672,0.994182825088501,0.0767514631152153,0.0007199696847237647,30800,78.0,1.0
1779550791.0377471,31000,79.267109874,0.994182825088501,0.09179927408695221,7.713705417700112e-05,31000,78.5,1.0
1779550791.5457408,31200,79.777031162,0.9944065809249878,0.10821168124675751,8.666565008752514e-06,31200,79.0,1.0
1779550792.0556548,31400,80.275080413,0.9944065809249878,0.12452160567045212,1.0109127970281406e-06,31400,79.5,1.0
1779550792.553726,31600,80.771959835,0.9944065809249878,0.15522612631320953,1.8114830879767396e-07,31600,80.0,1.0
1779550793.0505874,31800,81.280653063,0.9939590692520142,0.0735105648636818,0.022846702486276627,31800,80.5,1.0
1779550793.5592844,32000,81.782215447,0.9935116171836853,0.07800031453371048,0.0028597109485417604,32000,81.0,1.0
1779550794.0608332,32200,82.280560714,0.9935116171836853,0.09519469738006592,0.0002985909814015031,32200,81.5,1.0
1779550794.5591943,32400,82.785940581,0.992952287197113,0.11431295424699783,3.2392723369412124e-05,32400,82.0,1.0
1779550795.0644865,32600,83.285973935,0.9928404092788696,0.134691059589386,3.6769854432350257e-06,32600,82.5,1.0
1779550795.564611,32800,83.784714553,0.9927285313606262,0.15445764362812042,4.54956079920521e-07,32800,83.0,1.0
1779550796.0633295,33000,84.285310746,0.9814296960830688,0.12620414793491364,0.05041157081723213,33000,83.5,0.997389018535614
1779550796.5639439,33200,84.784243303,0.9927285313606262,0.07155757397413254,0.01671552285552025,33200,84.0,1.0
1779550797.0628717,33400,85.285199022,0.9933997392654419,0.07264097779989243,0.0017151618376374245,33400,84.5,1.0
1779550797.563731,33600,85.797508399,0.9944065809249878,0.08610237389802933,0.00018045470642391592,33600,85.0,1.0
1779550798.0760458,33800,86.296768135,0.9944065809249878,0.10241702944040298,1.9951707145082764e-05,33800,85.5,1.0
1779550798.575378,34000,86.799704867,0.9944065809249878,0.11998739838600159,2.299707603015122e-06,34000,86.0,1.0
1779550799.078258,34200,87.298634102,0.9945184588432312,0.1398129016160965,3.1632478680876375e-07,34200,86.5,1.0
1779550799.5772715,34400,87.809206822,0.992169201374054,0.07087292522192001,0.01762276515364647,34400,87.0,1.0
1779550800.0877233,34600,88.317839287,0.9914979338645935,0.07832065224647522,0.009106112644076347,34600,87.6,1.0
1779550800.5964472,34800,88.816654199,0.9909386038780212,0.1002633199095726,0.0009366653393954039,34800,88.1,1.0
1779550801.09531,35000,89.315716824,0.9912742376327515,0.12291800230741501,9.792961645871401e-05,35000,88.6,1.0
1779550801.5943565,35200,89.837054998,0.9913861155509949,0.1424858272075653,1.0786456186906435e-05,35200,89.1,1.0
1779550802.1156585,35400,90.336954716,0.9918335676193237,0.15946565568447113,1.2329901437624358e-06,35400,89.6,1.0
1779550802.6155035,35600,90.836672528,0.9315360188484192,0.3151790201663971,0.12437580525875092,35600,90.1,0.9655352234840393
1779550803.1152174,35800,91.346523608,0.9920573234558105,0.06854809075593948,0.016679907217621803,35800,90.6,1.0
1779550803.62511,36000,91.848161399,0.992169201374054,0.07101200520992279,0.0017817484913393855,36000,91.1,1.0
1779550804.1267495,36200,92.348015651,0.9932878613471985,0.08620426803827286,0.00018672931764740497,36200,91.6,1.0
1779550804.626595,36400,92.869478105,0.994182825088501,0.10435400903224945,2.0490871975198388e-05,36400,92.1,1.0
1779550805.1480675,36600,93.369775353,0.994182825088501,0.12399207055568695,2.347638883293257e-06,36600,92.6,1.0
1779550805.6483529,36800,93.870104392,0.994182825088501,0.1455543041229248,3.260046810282802e-07,36800,93.1,1.0
1779550806.14869,37000,94.381824719,0.9935116171836853,0.08500830084085464,0.035212136805057526,37000,93.6,1.0
1779550806.6603985,37200,94.89108197,0.9935116171836853,0.07215151935815811,0.004786091390997171,37200,94.1,1.0
1779550807.1696346,37400,95.389425116,0.9939590692520142,0.08306174725294113,0.000494223611894995,37400,94.6,1.0
1779550807.667962,37600,95.887507146,0.9939590692520142,0.09624624997377396,5.306376624503173e-05,37600,95.1,1.0
1779550808.166019,37800,96.396648986,0.9939590692520142,0.10966047644615173,5.9785124904010445e-06,37800,95.6,1.0
1779550808.6752172,38000,96.907950764,0.9939590692520142,0.12205840647220612,7.014670018179459e-07,38000,96.1,1.0
1779550809.1865075,38200,97.405798251,0.9861282110214233,0.08198212832212448,0.021241972222924232,38200,96.7,0.9986945390701294
1779550809.684365,38400,97.903444633,0.9931759834289551,0.05900263041257858,0.011886266060173512,38400,97.2,1.0
1779550810.18203,38600,98.422097313,0.9938471913337708,0.06659623980522156,0.0012802982237190008,38600,97.7,1.0
1779550810.7006748,38800,98.919487375,0.994182825088501,0.0809839516878128,0.00013427848170977086,38800,98.2,1.0
1779550811.1980555,39000,99.417632687,0.9942947030067444,0.09679620712995529,1.4756323253095616e-05,39000,98.7,1.0
1779550811.6961923,39200,99.936072326,0.9946302771568298,0.11311815679073334,1.69108864156442e-06,39200,99.2,1.0
1779550812.2146626,39400,100.434357473,0.9947421550750732,0.1327739953994751,2.539811418955651e-07,39400,99.7,1.0
1779550812.7130089,39600,100.931448311,0.9940709471702576,0.07917337864637375,0.03189520537853241,39600,100.2,1.0
1779550813.2100945,39800,101.449554904,0.9935116171836853,0.07599784433841705,0.007750998251140118,39800,100.7,1.0
1779550813.7282002,40000,101.453141531,0.9928404092788696,0.09628269076347351,0.0007779580191709101,40000,101.2,1.0
